{"format":2,"version":"7.1.0","globals":"113a7fd3c973a23e88e77c02ba0550f5","files":{"d_83fd365221c3d36d__jb_pytest_runner_py":{"hash":"4b96676029bc0197461d54b523dd08a0","index":{"nums":[0,1,33,0,3,0,0,0],"html_filename":"d_83fd365221c3d36d__jb_pytest_runner_py.html","relative_filename":"C:\\Program Files\\JetBrains\\PyCharm 2022.3.2\\plugins\\python\\helpers\\pycharm\\_jb_pytest_runner.py"}},"d_83fd365221c3d36d__jb_runner_tools_py":{"hash":"97a39c8963a24ea7d30d285f19e47b28","index":{"nums":[0,1,173,0,48,0,0,0],"html_filename":"d_83fd365221c3d36d__jb_runner_tools_py.html","relative_filename":"C:\\Program Files\\JetBrains\\PyCharm 2022.3.2\\plugins\\python\\helpers\\pycharm\\_jb_runner_tools.py"}},"d_83fd365221c3d36d__jb_serial_tree_manager_py":{"hash":"9b00834be385da743fd97ae0c3dc04fd","index":{"nums":[0,1,56,0,7,0,0,0],"html_filename":"d_83fd365221c3d36d__jb_serial_tree_manager_py.html","relative_filename":"C:\\Program Files\\JetBrains\\PyCharm 2022.3.2\\plugins\\python\\helpers\\pycharm\\_jb_serial_tree_manager.py"}},"d_83fd365221c3d36d__jb_utils_py":{"hash":"39ffb50318b4c8bb818d2036b0137d0d","index":{"nums":[0,1,71,0,34,0,0,0],"html_filename":"d_83fd365221c3d36d__jb_utils_py.html","relative_filename":"C:\\Program Files\\JetBrains\\PyCharm 2022.3.2\\plugins\\python\\helpers\\pycharm\\_jb_utils.py"}},"d_90bcd4eb11747493___init___py":{"hash":"269b68ba3afbbf0d5cefcce7be758e01","index":{"nums":[0,1,6,0,0,0,0,0],"html_filename":"d_90bcd4eb11747493___init___py.html","relative_filename":"C:\\Program Files\\JetBrains\\PyCharm 2022.3.2\\plugins\\python\\helpers\\pycharm\\teamcity\\__init__.py"}},"d_90bcd4eb11747493_common_py":{"hash":"1f87503897e4c5f3abb9807336a5be69","index":{"nums":[0,1,98,0,60,0,0,0],"html_filename":"d_90bcd4eb11747493_common_py.html","relative_filename":"C:\\Program Files\\JetBrains\\PyCharm 2022.3.2\\plugins\\python\\helpers\\pycharm\\teamcity\\common.py"}},"d_90bcd4eb11747493_diff_tools_py":{"hash":"e314a4d5f61bc0be89edf2b14443c11f","index":{"nums":[0,1,62,0,36,0,0,0],"html_filename":"d_90bcd4eb11747493_diff_tools_py.html","relative_filename":"C:\\Program Files\\JetBrains\\PyCharm 2022.3.2\\plugins\\python\\helpers\\pycharm\\teamcity\\diff_tools.py"}},"d_90bcd4eb11747493_jb_local_exc_store_py":{"hash":"d0d32d8671482bd23666f8effaa8149d","index":{"nums":[0,1,11,0,3,0,0,0],"html_filename":"d_90bcd4eb11747493_jb_local_exc_store_py.html","relative_filename":"C:\\Program Files\\JetBrains\\PyCharm 2022.3.2\\plugins\\python\\helpers\\pycharm\\teamcity\\jb_local_exc_store.py"}},"d_90bcd4eb11747493_messages_py":{"hash":"0b75025c01b937ade2d80369e4a1a734","index":{"nums":[0,1,153,0,58,0,0,0],"html_filename":"d_90bcd4eb11747493_messages_py.html","relative_filename":"C:\\Program Files\\JetBrains\\PyCharm 2022.3.2\\plugins\\python\\helpers\\pycharm\\teamcity\\messages.py"}},"d_90bcd4eb11747493_pytest_plugin_py":{"hash":"50358f081b8da0b2b62323cdb5107180","index":{"nums":[0,1,294,0,123,0,0,0],"html_filename":"d_90bcd4eb11747493_pytest_plugin_py.html","relative_filename":"C:\\Program Files\\JetBrains\\PyCharm 2022.3.2\\plugins\\python\\helpers\\pycharm\\teamcity\\pytest_plugin.py"}},"d_389093630edd1da2___init___py":{"hash":"d09b040bfaa6fc5ea28227bf8496ad6d","index":{"nums":[0,1,68,0,24,0,0,0],"html_filename":"d_389093630edd1da2___init___py.html","relative_filename":"C:\\Users\\youne\\OneDrive\\Documents\\GitHub\\requests\\requests\\__init__.py"}},"d_389093630edd1da2___version___py":{"hash":"309a79961f6f1efb3f86cae914fb0bbd","index":{"nums":[0,1,10,0,0,0,0,0],"html_filename":"d_389093630edd1da2___version___py.html","relative_filename":"C:\\Users\\youne\\OneDrive\\Documents\\GitHub\\requests\\requests\\__version__.py"}},"d_389093630edd1da2__internal_utils_py":{"hash":"7314569989c730c273c8ecebddd217c5","index":{"nums":[0,1,19,0,0,0,0,0],"html_filename":"d_389093630edd1da2__internal_utils_py.html","relative_filename":"C:\\Users\\youne\\OneDrive\\Documents\\GitHub\\requests\\requests\\_internal_utils.py"}},"d_389093630edd1da2_adapters_py":{"hash":"280066f53a7b7d8e32b633ed6bf6ddc0","index":{"nums":[0,1,216,0,14,0,0,0],"html_filename":"d_389093630edd1da2_adapters_py.html","relative_filename":"C:\\Users\\youne\\OneDrive\\Documents\\GitHub\\requests\\requests\\adapters.py"}},"d_389093630edd1da2_api_py":{"hash":"7747c1475809212f76246eb42d352dc0","index":{"nums":[0,1,19,0,3,0,0,0],"html_filename":"d_389093630edd1da2_api_py.html","relative_filename":"C:\\Users\\youne\\OneDrive\\Documents\\GitHub\\requests\\requests\\api.py"}},"d_389093630edd1da2_auth_py":{"hash":"12bacf40d0abdedb16d4a9fc0d2cda0f","index":{"nums":[0,1,173,0,21,0,0,0],"html_filename":"d_389093630edd1da2_auth_py.html","relative_filename":"C:\\Users\\youne\\OneDrive\\Documents\\GitHub\\requests\\requests\\auth.py"}},"d_389093630edd1da2_certs_py":{"hash":"6fee9c56521c55ba02385a972a8458ee","index":{"nums":[0,1,4,0,1,0,0,0],"html_filename":"d_389093630edd1da2_certs_py.html","relative_filename":"C:\\Users\\youne\\OneDrive\\Documents\\GitHub\\requests\\requests\\certs.py"}},"d_389093630edd1da2_compat_py":{"hash":"e40cd978e3b3c5ea6ff3d2a0ee34fe59","index":{"nums":[0,1,30,0,2,0,0,0],"html_filename":"d_389093630edd1da2_compat_py.html","relative_filename":"C:\\Users\\youne\\OneDrive\\Documents\\GitHub\\requests\\requests\\compat.py"}},"d_389093630edd1da2_cookies_py":{"hash":"2903cfc7d8d61694f8a67f586e26de74","index":{"nums":[0,1,239,0,53,0,0,0],"html_filename":"d_389093630edd1da2_cookies_py.html","relative_filename":"C:\\Users\\youne\\OneDrive\\Documents\\GitHub\\requests\\requests\\cookies.py"}},"d_389093630edd1da2_exceptions_py":{"hash":"5d5b4b1049cb3941a574273a142e3393","index":{"nums":[0,1,37,0,0,0,0,0],"html_filename":"d_389093630edd1da2_exceptions_py.html","relative_filename":"C:\\Users\\youne\\OneDrive\\Documents\\GitHub\\requests\\requests\\exceptions.py"}},"d_389093630edd1da2_help_py":{"hash":"e97e982b38f66bcd72c48061bb7f8e5d","index":{"nums":[0,1,62,0,19,0,0,0],"html_filename":"d_389093630edd1da2_help_py.html","relative_filename":"C:\\Users\\youne\\OneDrive\\Documents\\GitHub\\requests\\requests\\help.py"}},"d_389093630edd1da2_hooks_py":{"hash":"5f090306c5df0128dedd78a947097cb5","index":{"nums":[0,1,14,0,0,0,0,0],"html_filename":"d_389093630edd1da2_hooks_py.html","relative_filename":"C:\\Users\\youne\\OneDrive\\Documents\\GitHub\\requests\\requests\\hooks.py"}},"d_389093630edd1da2_models_py":{"hash":"36c9af1c9ccf0c827f449dc09383fde1","index":{"nums":[0,1,455,0,33,0,0,0],"html_filename":"d_389093630edd1da2_models_py.html","relative_filename":"C:\\Users\\youne\\OneDrive\\Documents\\GitHub\\requests\\requests\\models.py"}},"d_389093630edd1da2_packages_py":{"hash":"62cf00bba122f8085369bd67a492fb97","index":{"nums":[0,1,17,0,0,0,0,0],"html_filename":"d_389093630edd1da2_packages_py.html","relative_filename":"C:\\Users\\youne\\OneDrive\\Documents\\GitHub\\requests\\requests\\packages.py"}},"d_389093630edd1da2_sessions_py":{"hash":"71d212c74c204a3d0ddff8f346074a32","index":{"nums":[0,1,268,0,12,0,0,0],"html_filename":"d_389093630edd1da2_sessions_py.html","relative_filename":"C:\\Users\\youne\\OneDrive\\Documents\\GitHub\\requests\\requests\\sessions.py"}},"d_389093630edd1da2_status_codes_py":{"hash":"7a7e77092a9b79907db87320a849e059","index":{"nums":[0,1,14,0,0,0,0,0],"html_filename":"d_389093630edd1da2_status_codes_py.html","relative_filename":"C:\\Users\\youne\\OneDrive\\Documents\\GitHub\\requests\\requests\\status_codes.py"}},"d_389093630edd1da2_structures_py":{"hash":"9c61dbc8b65eb746197e553b74c2f1d1","index":{"nums":[0,1,39,0,0,0,0,0],"html_filename":"d_389093630edd1da2_structures_py.html","relative_filename":"C:\\Users\\youne\\OneDrive\\Documents\\GitHub\\requests\\requests\\structures.py"}},"d_389093630edd1da2_utils_py":{"hash":"2e7fa53fbb50976cb90c905f99ba3445","index":{"nums":[0,1,482,0,68,0,0,0],"html_filename":"d_389093630edd1da2_utils_py.html","relative_filename":"C:\\Users\\youne\\OneDrive\\Documents\\GitHub\\requests\\requests\\utils.py"}},"d_018ab78ec5861f83___init___py":{"hash":"a45e22c5b79ba5e244c8ccfef588a858","index":{"nums":[0,1,6,0,2,0,0,0],"html_filename":"d_018ab78ec5861f83___init___py.html","relative_filename":"C:\\Users\\youne\\OneDrive\\Documents\\GitHub\\requests\\tests\\__init__.py"}},"d_018ab78ec5861f83_compat_py":{"hash":"ea51adaeca97bce17d8c64cab8bfa916","index":{"nums":[0,1,12,0,2,0,0,0],"html_filename":"d_018ab78ec5861f83_compat_py.html","relative_filename":"C:\\Users\\youne\\OneDrive\\Documents\\GitHub\\requests\\tests\\compat.py"}},"d_018ab78ec5861f83_conftest_py":{"hash":"845db129d364a24e24366427cdc88931","index":{"nums":[0,1,37,0,3,0,0,0],"html_filename":"d_018ab78ec5861f83_conftest_py.html","relative_filename":"C:\\Users\\youne\\OneDrive\\Documents\\GitHub\\requests\\tests\\conftest.py"}},"d_018ab78ec5861f83_test_help_py":{"hash":"7df7004146318b70afee87e1e167949d","index":{"nums":[0,1,12,0,0,0,0,0],"html_filename":"d_018ab78ec5861f83_test_help_py.html","relative_filename":"C:\\Users\\youne\\OneDrive\\Documents\\GitHub\\requests\\tests\\test_help.py"}},"d_018ab78ec5861f83_test_hooks_py":{"hash":"8c54e833f55d32dc8b1dff9eca5430fc","index":{"nums":[0,1,9,0,0,0,0,0],"html_filename":"d_018ab78ec5861f83_test_hooks_py.html","relative_filename":"C:\\Users\\youne\\OneDrive\\Documents\\GitHub\\requests\\tests\\test_hooks.py"}},"d_018ab78ec5861f83_test_lowlevel_py":{"hash":"7c8f54bc9d1ed3f3c8e821e9c7ff248a","index":{"nums":[0,1,227,0,0,0,0,0],"html_filename":"d_018ab78ec5861f83_test_lowlevel_py.html","relative_filename":"C:\\Users\\youne\\OneDrive\\Documents\\GitHub\\requests\\tests\\test_lowlevel.py"}},"d_018ab78ec5861f83_test_packages_py":{"hash":"8701b66a4d5c31b7cc9542951b1a3c8c","index":{"nums":[0,1,7,0,0,0,0,0],"html_filename":"d_018ab78ec5861f83_test_packages_py.html","relative_filename":"C:\\Users\\youne\\OneDrive\\Documents\\GitHub\\requests\\tests\\test_packages.py"}},"d_018ab78ec5861f83_test_requests_py":{"hash":"f3dc57321cde9dfdf0e14c8fea3f64bf","index":{"nums":[0,1,1651,0,41,0,0,0],"html_filename":"d_018ab78ec5861f83_test_requests_py.html","relative_filename":"C:\\Users\\youne\\OneDrive\\Documents\\GitHub\\requests\\tests\\test_requests.py"}},"d_018ab78ec5861f83_test_structures_py":{"hash":"41d22630c2661be0961ace6844e0fd8b","index":{"nums":[0,1,42,0,0,0,0,0],"html_filename":"d_018ab78ec5861f83_test_structures_py.html","relative_filename":"C:\\Users\\youne\\OneDrive\\Documents\\GitHub\\requests\\tests\\test_structures.py"}},"d_018ab78ec5861f83_test_testserver_py":{"hash":"f0a942878ca497c1adc6ebd5f80ada2f","index":{"nums":[0,1,107,0,14,0,0,0],"html_filename":"d_018ab78ec5861f83_test_testserver_py.html","relative_filename":"C:\\Users\\youne\\OneDrive\\Documents\\GitHub\\requests\\tests\\test_testserver.py"}},"d_018ab78ec5861f83_test_utils_py":{"hash":"14d945c7e1e9e6db09fab610182f89b8","index":{"nums":[0,1,308,0,5,0,0,0],"html_filename":"d_018ab78ec5861f83_test_utils_py.html","relative_filename":"C:\\Users\\youne\\OneDrive\\Documents\\GitHub\\requests\\tests\\test_utils.py"}},"d_6d6da5f84f3c0447___init___py":{"hash":"3c77fc9ef7f887ac2508d4109cf92472","index":{"nums":[0,1,0,0,0,0,0,0],"html_filename":"d_6d6da5f84f3c0447___init___py.html","relative_filename":"C:\\Users\\youne\\OneDrive\\Documents\\GitHub\\requests\\tests\\testserver\\__init__.py"}},"d_6d6da5f84f3c0447_server_py":{"hash":"84065574220e878f56886ed0305b6fea","index":{"nums":[0,1,86,0,4,0,0,0],"html_filename":"d_6d6da5f84f3c0447_server_py.html","relative_filename":"C:\\Users\\youne\\OneDrive\\Documents\\GitHub\\requests\\tests\\testserver\\server.py"}},"d_018ab78ec5861f83_utils_py":{"hash":"976a0b500c5c0cdc591260dca3e1062e","index":{"nums":[0,1,13,0,1,0,0,0],"html_filename":"d_018ab78ec5861f83_utils_py.html","relative_filename":"C:\\Users\\youne\\OneDrive\\Documents\\GitHub\\requests\\tests\\utils.py"}}}}